<?xml version="1.0" encoding="utf-8" ?>
<selector xmlns:android="http://schemas.android.com/apk/res/android">
	<item>
		<shape>
			<gradient android:startColor="#9c0892af" android:endColor="#9c0892af" android:angle="90.0" android:centerColor="#32036ea6" />
			<stroke android:width="1.0dip" android:color="#ff00d2ff" />
			<corners android:radius="10.0dip" />
			<padding android:left="10.0dip" android:top="10.0dip" android:right="10.0dip" android:bottom="10.0dip" />
		</shape>
	</item>
</selector>
